{
    "part_id": "1101_Series_U-Beam_17_Hole_136mm_Length",
    "bounding_box": [
        [
            -6.000000100000004,
            -1e-07,
            -10.500000099999998
        ],
        [
            6.000000100000003,
            136.0000001,
            1.5000001000000027
        ]
    ],
    "bounding_box_size": [
        12.000000200000006,
        136.0000002,
        12.0000002
    ],
    "bounding_box_center": [
        -4.440892098500626e-16,
        68.0,
        -4.499999999999997
    ],
    "attachment_points": []
}